-- 1. EXTENSIONS
CREATE EXTENSION IF NOT EXISTS pgcrypto
WITH
    SCHEMA extensions;

-- 2. AUTH SEEDING
SET
    session_replication_role = 'replica';

INSERT INTO
    auth.users (
        instance_id,
        id,
        aud,
        ROLE,
        email,
        encrypted_password,
        email_confirmed_at,
        last_sign_in_at,
        raw_app_meta_data,
        raw_user_meta_data,
        is_super_admin,
        created_at,
        updated_at,
        confirmation_token,
        recovery_token,
        email_change_token_new,
        email_change,
phone_change,
        phone_change_token,
        banned_until,
        reauthentication_token,
        is_sso_user,
        is_anonymous
    )
VALUES
    (
        '00000000-0000-0000-0000-000000000000',
        '00000000-0000-0000-0000-000000000001',
        'authenticated',
        'authenticated',
        'admin@test.com',
        extensions.crypt ('password1!', extensions.gen_salt ('bf', 10)),
        NOW() - INTERVAL '180 days',
        NOW() - INTERVAL '1 day',
        '{"provider": "email", "providers": ["email"], "role": "admin"}',
        '{"sub": "00000000-0000-0000-0000-000000000001", "role": "admin", "full_name": "Steve Admin", "email_verified": true}',
        FALSE,
        NOW() - INTERVAL '180 days',
        NOW() - INTERVAL '1 day',
        '',
        '',
        '',
        '',
        '',
        '',
        NULL,
        '',
        FALSE,
        FALSE
    ),
    (
        '00000000-0000-0000-0000-000000000000',
        '00000000-0000-0000-0000-000000000002',
        'authenticated',
        'authenticated',
        'host@test.com',
        extensions.crypt ('password1!', extensions.gen_salt ('bf', 10)),
        NOW() - INTERVAL '175 days',
        NOW() - INTERVAL '3 days',
        '{"provider": "email", "providers": ["email"], "role": "host"}',
        '{"sub": "00000000-0000-0000-0000-000000000002", "role": "host", "full_name": "John Host", "email_verified": true}',
        FALSE,
        NOW() - INTERVAL '175 days',
        NOW() - INTERVAL '3 days',
        '',
        '',
        '',
        '',
        '',
        '',
        NULL,
        '',
        FALSE,
        FALSE
    ),
    (
        '00000000-0000-0000-0000-000000000000',
        '00000000-0000-0000-0000-000000000003',
        'authenticated',
        'authenticated',
        'cleaner@test.com',
        extensions.crypt ('password1!', extensions.gen_salt ('bf', 10)),
        NOW() - INTERVAL '170 days',
        NOW() - INTERVAL '2 days',
        '{"provider": "email", "providers": ["email"], "role": "cleaner"}',
        '{"sub": "00000000-0000-0000-0000-000000000003", "role": "cleaner", "full_name": "Mark Cleaner", "email_verified": true}',
        FALSE,
        NOW() - INTERVAL '170 days',
        NOW() - INTERVAL '2 days',
        '',
        '',
        '',
        '',
        '',
        '',
        NULL,
        '',
        FALSE,
        FALSE
    ),
    (
        '00000000-0000-0000-0000-000000000000',
        '00000000-0000-0000-0000-000000000004',
        'authenticated',
        'authenticated',
        'sarah@test.com',
        extensions.crypt ('password1!', extensions.gen_salt ('bf', 10)),
        NOW() - INTERVAL '160 days',
        NOW() - INTERVAL '5 days',
        '{"provider": "email", "providers": ["email"], "role": "host"}',
        '{"sub": "00000000-0000-0000-0000-000000000004", "role": "host", "full_name": "Sarah Smith", "email_verified": true}',
        FALSE,
        NOW() - INTERVAL '160 days',
        NOW() - INTERVAL '5 days',
        '',
        '',
        '',
        '',
        '',
        '',
        NULL,
        '',
        FALSE,
        FALSE
    ),
    (
        '00000000-0000-0000-0000-000000000000',
        '00000000-0000-0000-0000-000000000005',
        'authenticated',
        'authenticated',
        'emily@test.com',
        extensions.crypt ('password1!', extensions.gen_salt ('bf', 10)),
        NOW() - INTERVAL '150 days',
        NOW() - INTERVAL '1 day',
        '{"provider": "email", "providers": ["email"], "role": "cleaner"}',
        '{"sub": "00000000-0000-0000-0000-000000000005", "role": "cleaner", "full_name": "Emily Johnson", "email_verified": true}',
        FALSE,
        NOW() - INTERVAL '150 days',
        NOW() - INTERVAL '1 day',
        '',
        '',
        '',
        '',
        '',
        '',
        NULL,
        '',
        FALSE,
        FALSE
    ),
    (
        '00000000-0000-0000-0000-000000000000',
        '00000000-0000-0000-0000-000000000006',
        'authenticated',
        'authenticated',
        'david@test.com',
        extensions.crypt ('password1!', extensions.gen_salt ('bf', 10)),
        NOW() - INTERVAL '145 days',
        NOW() - INTERVAL '4 days',
        '{"provider": "email", "providers": ["email"], "role": "host"}',
        '{"sub": "00000000-0000-0000-0000-000000000006", "role": "host", "full_name": "David Brown", "email_verified": true}',
        FALSE,
        NOW() - INTERVAL '145 days',
        NOW() - INTERVAL '4 days',
        '',
        '',
        '',
        '',
        '',
        '',
        NOW() + INTERVAL '1 year',
        '',
        FALSE,
        FALSE
    ),
    (
        '00000000-0000-0000-0000-000000000000',
        '00000000-0000-0000-0000-000000000007',
        'authenticated',
        'authenticated',
        'lisa@test.com',
        extensions.crypt ('password1!', extensions.gen_salt ('bf', 10)),
        NOW() - INTERVAL '140 days',
        NOW() - INTERVAL '6 days',
        '{"provider": "email", "providers": ["email"], "role": "cleaner"}',
        '{"sub": "00000000-0000-0000-0000-000000000007", "role": "cleaner", "full_name": "Lisa Williams", "email_verified": true}',
        FALSE,
        NOW() - INTERVAL '140 days',
        NOW() - INTERVAL '6 days',
        '',
        '',
        '',
        '',
        '',
        '',
        NOW() + INTERVAL '1 year',
        '',
        FALSE,
        FALSE
    ),
    (
        '00000000-0000-0000-0000-000000000000',
        '00000000-0000-0000-0000-000000000008',
        'authenticated',
        'authenticated',
        'james@test.com',
        extensions.crypt ('password1!', extensions.gen_salt ('bf', 10)),
        NOW() - INTERVAL '135 days',
        NOW() - INTERVAL '7 days',
        '{"provider": "email", "providers": ["email"], "role": "host"}',
        '{"sub": "00000000-0000-0000-0000-000000000008", "role": "host", "full_name": "James Wilson", "email_verified": true}',
        FALSE,
        NOW() - INTERVAL '135 days',
        NOW() - INTERVAL '7 days',
        '',
        '',
        '',
        '',
        '',
        '',
        NULL,
        '',
        FALSE,
        FALSE
    ),
    (
        '00000000-0000-0000-0000-000000000000',
        '00000000-0000-0000-0000-000000000009',
        'authenticated',
        'authenticated',
        'jessica@test.com',
        extensions.crypt ('password1!', extensions.gen_salt ('bf', 10)),
        NOW() - INTERVAL '130 days',
        NOW() - INTERVAL '2 days',
        '{"provider": "email", "providers": ["email"], "role": "cleaner"}',
        '{"sub": "00000000-0000-0000-0000-000000000009", "role": "cleaner", "full_name": "Jessica Taylor", "email_verified": true}',
        FALSE,
        NOW() - INTERVAL '130 days',
        NOW() - INTERVAL '2 days',
        '',
        '',
        '',
        '',
        '',
        '',
        NULL,
        '',
        FALSE,
        FALSE
    ),
    (
        '00000000-0000-0000-0000-000000000000',
        '00000000-0000-0000-0000-000000000010',
        'authenticated',
        'authenticated',
        'michael@test.com',
        extensions.crypt ('password1!', extensions.gen_salt ('bf', 10)),
        NOW() - INTERVAL '125 days',
        NOW() - INTERVAL '3 days',
        '{"provider": "email", "providers": ["email"], "role": "host"}',
        '{"sub": "00000000-0000-0000-0000-000000000010", "role": "host", "full_name": "Michael Davis", "email_verified": true}',
        FALSE,
        NOW() - INTERVAL '125 days',
        NOW() - INTERVAL '3 days',
        '',
        '',
        '',
        '',
        '',
        '',
        NULL,
        '',
        FALSE,
        FALSE
    ),
    (
        '00000000-0000-0000-0000-000000000000',
        '00000000-0000-0000-0000-000000000011',
        'authenticated',
        'authenticated',
        'amanda@test.com',
        extensions.crypt ('password1!', extensions.gen_salt ('bf', 10)),
        NOW() - INTERVAL '120 days',
        NOW() - INTERVAL '1 day',
        '{"provider": "email", "providers": ["email"], "role": "cleaner"}',
        '{"sub": "00000000-0000-0000-0000-000000000011", "role": "cleaner", "full_name": "Amanda Martinez", "email_verified": true}',
        FALSE,
        NOW() - INTERVAL '120 days',
        NOW() - INTERVAL '1 day',
        '',
        '',
        '',
        '',
        '',
        '',
        NULL,
        '',
        FALSE,
        FALSE
    ),
    (
        '00000000-0000-0000-0000-000000000000',
        '00000000-0000-0000-0000-000000000012',
        'authenticated',
        'authenticated',
        'robert@test.com',
        extensions.crypt ('password1!', extensions.gen_salt ('bf', 10)),
        NOW() - INTERVAL '115 days',
        NOW() - INTERVAL '5 days',
        '{"provider": "email", "providers": ["email"], "role": "host"}',
        '{"sub": "00000000-0000-0000-0000-000000000012", "role": "host", "full_name": "Robert Anderson", "email_verified": true}',
        FALSE,
        NOW() - INTERVAL '115 days',
        NOW() - INTERVAL '5 days',
        '',
        '',
        '',
        '',
        '',
        '',
        NULL,
        '',
        FALSE,
        FALSE
    ),
    (
        '00000000-0000-0000-0000-000000000000',
        '00000000-0000-0000-0000-000000000013',
        'authenticated',
        'authenticated',
        'rachel@test.com',
        extensions.crypt ('password1!', extensions.gen_salt ('bf', 10)),
        NOW() - INTERVAL '110 days',
        NOW() - INTERVAL '4 days',
        '{"provider": "email", "providers": ["email"], "role": "cleaner"}',
        '{"sub": "00000000-0000-0000-0000-000000000013", "role": "cleaner", "full_name": "Rachel White", "email_verified": true}',
        FALSE,
        NOW() - INTERVAL '110 days',
        NOW() - INTERVAL '4 days',
        '',
        '',
        '',
        '',
        '',
        '',
        NULL,
        '',
        FALSE,
        FALSE
    ),
    (
        '00000000-0000-0000-0000-000000000000',
        '00000000-0000-0000-0000-000000000014',
        'authenticated',
        'authenticated',
        'chris@test.com',
        extensions.crypt ('password1!', extensions.gen_salt ('bf', 10)),
        NOW() - INTERVAL '105 days',
        NOW() - INTERVAL '2 days',
        '{"provider": "email", "providers": ["email"], "role": "host"}',
        '{"sub": "00000000-0000-0000-0000-000000000014", "role": "host", "full_name": "Chris Thompson", "email_verified": true}',
        FALSE,
        NOW() - INTERVAL '105 days',
        NOW() - INTERVAL '2 days',
        '',
        '',
        '',
        '',
        '',
        '',
        NULL,
        '',
        FALSE,
        FALSE
    ),
    (
        '00000000-0000-0000-0000-000000000000',
        '00000000-0000-0000-0000-000000000015',
        'authenticated',
        'authenticated',
        'sophie@test.com',
        extensions.crypt ('password1!', extensions.gen_salt ('bf', 10)),
        NOW() - INTERVAL '100 days',
        NOW() - INTERVAL '1 day',
        '{"provider": "email", "providers": ["email"], "role": "cleaner"}',
        '{"sub": "00000000-0000-0000-0000-000000000015", "role": "cleaner", "full_name": "Sophie Garcia", "email_verified": true}',
        FALSE,
        NOW() - INTERVAL '100 days',
        NOW() - INTERVAL '1 day',
        '',
        '',
        '',
        '',
        '',
        '',
        NULL,
        '',
        FALSE,
        FALSE
    ),
    (
        '00000000-0000-0000-0000-000000000000',
        '00000000-0000-0000-0000-000000000016',
        'authenticated',
        'authenticated',
        'daniel@test.com',
        extensions.crypt ('password1!', extensions.gen_salt ('bf', 10)),
        NOW() - INTERVAL '95 days',
        NOW() - INTERVAL '6 days',
        '{"provider": "email", "providers": ["email"], "role": "host"}',
        '{"sub": "00000000-0000-0000-0000-000000000016", "role": "host", "full_name": "Daniel Lee", "email_verified": true}',
        FALSE,
        NOW() - INTERVAL '95 days',
        NOW() - INTERVAL '6 days',
        '',
        '',
        '',
        '',
        '',
        '',
        NULL,
        '',
        FALSE,
        FALSE
    ),
    (
        '00000000-0000-0000-0000-000000000000',
        '00000000-0000-0000-0000-000000000017',
        'authenticated',
        'authenticated',
        'natalie@test.com',
        extensions.crypt ('password1!', extensions.gen_salt ('bf', 10)),
        NOW() - INTERVAL '90 days',
        NOW() - INTERVAL '3 days',
        '{"provider": "email", "providers": ["email"], "role": "cleaner"}',
        '{"sub": "00000000-0000-0000-0000-000000000017", "role": "cleaner", "full_name": "Natalie Clark", "email_verified": true}',
        FALSE,
        NOW() - INTERVAL '90 days',
        NOW() - INTERVAL '3 days',
        '',
        '',
        '',
        '',
        '',
        '',
        NULL,
        '',
        FALSE,
        FALSE
    ),
    (
        '00000000-0000-0000-0000-000000000000',
        '00000000-0000-0000-0000-000000000018',
        'authenticated',
        'authenticated',
        'paul@test.com',
        extensions.crypt ('password1!', extensions.gen_salt ('bf', 10)),
        NOW() - INTERVAL '85 days',
        NOW() - INTERVAL '4 days',
        '{"provider": "email", "providers": ["email"], "role": "host"}',
        '{"sub": "00000000-0000-0000-0000-000000000018", "role": "host", "full_name": "Paul Harris", "email_verified": true}',
        FALSE,
        NOW() - INTERVAL '85 days',
        NOW() - INTERVAL '4 days',
        '',
        '',
        '',
        '',
        '',
        '',
        NULL,
        '',
        FALSE,
        FALSE
    ),
    (
        '00000000-0000-0000-0000-000000000000',
        '00000000-0000-0000-0000-000000000019',
        'authenticated',
        'authenticated',
        'ashley@test.com',
        extensions.crypt ('password1!', extensions.gen_salt ('bf', 10)),
        NOW() - INTERVAL '80 days',
        NOW() - INTERVAL '2 days',
        '{"provider": "email", "providers": ["email"], "role": "cleaner"}',
        '{"sub": "00000000-0000-0000-0000-000000000019", "role": "cleaner", "full_name": "Ashley Robinson", "email_verified": true}',
        FALSE,
        NOW() - INTERVAL '80 days',
        NOW() - INTERVAL '2 days',
        '',
        '',
        '',
        '',
        '',
        '',
        NULL,
        '',
        FALSE,
        FALSE
    ),
    (
        '00000000-0000-0000-0000-000000000000',
        '00000000-0000-0000-0000-000000000020',
        'authenticated',
        'authenticated',
        'kevin@test.com',
        extensions.crypt ('password1!', extensions.gen_salt ('bf', 10)),
        NOW() - INTERVAL '75 days',
        NOW() - INTERVAL '5 days',
        '{"provider": "email", "providers": ["email"], "role": "host"}',
        '{"sub": "00000000-0000-0000-0000-000000000020", "role": "host", "full_name": "Kevin Lewis", "email_verified": true}',
        FALSE,
        NOW() - INTERVAL '75 days',
        NOW() - INTERVAL '5 days',
        '',
        '',
        '',
        '',
        '',
        '',
        NULL,
        '',
        FALSE,
        FALSE
    ),
    (
        '00000000-0000-0000-0000-000000000000',
        '00000000-0000-0000-0000-000000000021',
        'authenticated',
        'authenticated',
        'bruce@test.com',
        extensions.crypt ('password1!', extensions.gen_salt ('bf', 10)),
        NOW() - INTERVAL '70 days',
        NOW() - INTERVAL '1 day',
        '{"provider": "email", "providers": ["email"], "role": "admin"}',
        '{"sub": "00000000-0000-0000-0000-000000000021", "role": "admin", "full_name": "Bruce Green", "email_verified": true}',
        FALSE,
        NOW() - INTERVAL '70 days',
        NOW() - INTERVAL '1 day',
        '',
        '',
        '',
        '',
        '',
        '',
        NULL,
        '',
        FALSE,
        FALSE
    ),
    (
        '00000000-0000-0000-0000-000000000000',
        '00000000-0000-0000-0000-000000000022',
        'authenticated',
        'authenticated',
        'linda@test.com',
        extensions.crypt ('password1!', extensions.gen_salt ('bf', 10)),
        NOW() - INTERVAL '68 days',
        NOW() - INTERVAL '2 days',
        '{"provider": "email", "providers": ["email"], "role": "admin"}',
        '{"sub": "00000000-0000-0000-0000-000000000022", "role": "admin", "full_name": "Linda Smith", "email_verified": true}',
        FALSE,
        NOW() - INTERVAL '68 days',
        NOW() - INTERVAL '2 days',
        '',
        '',
        '',
        '',
        '',
        '',
        NULL,
        '',
        FALSE,
        FALSE
    ),
    (
        '00000000-0000-0000-0000-000000000000',
        '00000000-0000-0000-0000-000000000023',
        'authenticated',
        'authenticated',
        'marta@test.com',
        extensions.crypt ('password1!', extensions.gen_salt ('bf', 10)),
        NOW() - INTERVAL '66 days',
        NOW() - INTERVAL '3 days',
        '{"provider": "email", "providers": ["email"], "role": "admin"}',
        '{"sub": "00000000-0000-0000-0000-000000000023", "role": "admin", "full_name": "Marta Hansen", "email_verified": true}',
        FALSE,
        NOW() - INTERVAL '66 days',
        NOW() - INTERVAL '3 days',
        '',
        '',
        '',
        '',
        '',
        '',
        NULL,
        '',
        FALSE,
        FALSE
    ),
    (
        '00000000-0000-0000-0000-000000000000',
        '00000000-0000-0000-0000-000000000024',
        'authenticated',
        'authenticated',
        'joe@test.com',
        extensions.crypt ('password1!', extensions.gen_salt ('bf', 10)),
        NOW() - INTERVAL '64 days',
        NOW() - INTERVAL '4 days',
        '{"provider": "email", "providers": ["email"], "role": "admin"}',
        '{"sub": "00000000-0000-0000-0000-000000000024", "role": "admin", "full_name": "Joe Stu", "email_verified": true}',
        FALSE,
        NOW() - INTERVAL '64 days',
        NOW() - INTERVAL '4 days',
        '',
        '',
        '',
        '',
        '',
        '',
        NULL,
        '',
        FALSE,
        FALSE
    );

-- 3. AUTH IDENTITIES
INSERT INTO
    auth.identities (id, user_id, identity_data, provider, provider_id, last_sign_in_at, created_at, updated_at)
VALUES
    (
        gen_random_uuid (),
        '00000000-0000-0000-0000-000000000001',
        '{"sub":"00000000-0000-0000-0000-000000000001","email":"admin@test.com","email_verified":true}'::jsonb,
        'email',
        '00000000-0000-0000-0000-000000000001',
        NOW() - INTERVAL '180 days',
        NOW() - INTERVAL '180 days',
        NOW() - INTERVAL '180 days'
    ),
    (
        gen_random_uuid (),
        '00000000-0000-0000-0000-000000000002',
        '{"sub":"00000000-0000-0000-0000-000000000002","email":"host@test.com","email_verified":true}'::jsonb,
        'email',
        '00000000-0000-0000-0000-000000000002',
        NOW() - INTERVAL '175 days',
        NOW() - INTERVAL '175 days',
        NOW() - INTERVAL '175 days'
    ),
    (
        gen_random_uuid (),
        '00000000-0000-0000-0000-000000000003',
        '{"sub":"00000000-0000-0000-0000-000000000003","email":"cleaner@test.com","email_verified":true}'::jsonb,
        'email',
        '00000000-0000-0000-0000-000000000003',
        NOW() - INTERVAL '170 days',
        NOW() - INTERVAL '170 days',
        NOW() - INTERVAL '170 days'
    ),
    (
        gen_random_uuid (),
        '00000000-0000-0000-0000-000000000004',
        '{"sub":"00000000-0000-0000-0000-000000000004","email":"sarah@test.com","email_verified":true}'::jsonb,
        'email',
        '00000000-0000-0000-0000-000000000004',
        NOW() - INTERVAL '160 days',
        NOW() - INTERVAL '160 days',
        NOW() - INTERVAL '160 days'
    ),
    (
        gen_random_uuid (),
        '00000000-0000-0000-0000-000000000005',
        '{"sub":"00000000-0000-0000-0000-000000000005","email":"emily@test.com","email_verified":true}'::jsonb,
        'email',
        '00000000-0000-0000-0000-000000000005',
        NOW() - INTERVAL '150 days',
        NOW() - INTERVAL '150 days',
        NOW() - INTERVAL '150 days'
    ),
    (
        gen_random_uuid (),
        '00000000-0000-0000-0000-000000000006',
        '{"sub":"00000000-0000-0000-0000-000000000006","email":"david@test.com","email_verified":true}'::jsonb,
        'email',
        '00000000-0000-0000-0000-000000000006',
        NOW() - INTERVAL '145 days',
        NOW() - INTERVAL '145 days',
        NOW() - INTERVAL '145 days'
    ),
    (
        gen_random_uuid (),
        '00000000-0000-0000-0000-000000000007',
        '{"sub":"00000000-0000-0000-0000-000000000007","email":"lisa@test.com","email_verified":true}'::jsonb,
        'email',
        '00000000-0000-0000-0000-000000000007',
        NOW() - INTERVAL '140 days',
        NOW() - INTERVAL '140 days',
        NOW() - INTERVAL '140 days'
    ),
    (
        gen_random_uuid (),
        '00000000-0000-0000-0000-000000000008',
        '{"sub":"00000000-0000-0000-0000-000000000008","email":"james@test.com","email_verified":true}'::jsonb,
        'email',
        '00000000-0000-0000-0000-000000000008',
        NOW() - INTERVAL '135 days',
        NOW() - INTERVAL '135 days',
        NOW() - INTERVAL '135 days'
    ),
    (
        gen_random_uuid (),
        '00000000-0000-0000-0000-000000000009',
        '{"sub":"00000000-0000-0000-0000-000000000009","email":"jessica@test.com","email_verified":true}'::jsonb,
        'email',
        '00000000-0000-0000-0000-000000000009',
        NOW() - INTERVAL '130 days',
        NOW() - INTERVAL '130 days',
        NOW() - INTERVAL '130 days'
    ),
    (
        gen_random_uuid (),
        '00000000-0000-0000-0000-000000000010',
        '{"sub":"00000000-0000-0000-0000-000000000010","email":"michael@test.com","email_verified":true}'::jsonb,
        'email',
        '00000000-0000-0000-0000-000000000010',
        NOW() - INTERVAL '125 days',
        NOW() - INTERVAL '125 days',
        NOW() - INTERVAL '125 days'
    ),
    (
        gen_random_uuid (),
        '00000000-0000-0000-0000-000000000011',
        '{"sub":"00000000-0000-0000-0000-000000000011","email":"amanda@test.com","email_verified":true}'::jsonb,
        'email',
        '00000000-0000-0000-0000-000000000011',
        NOW() - INTERVAL '120 days',
        NOW() - INTERVAL '120 days',
        NOW() - INTERVAL '120 days'
    ),
    (
        gen_random_uuid (),
        '00000000-0000-0000-0000-000000000012',
        '{"sub":"00000000-0000-0000-0000-000000000012","email":"robert@test.com","email_verified":true}'::jsonb,
        'email',
        '00000000-0000-0000-0000-000000000012',
        NOW() - INTERVAL '115 days',
        NOW() - INTERVAL '115 days',
        NOW() - INTERVAL '115 days'
    ),
    (
        gen_random_uuid (),
        '00000000-0000-0000-0000-000000000013',
        '{"sub":"00000000-0000-0000-0000-000000000013","email":"rachel@test.com","email_verified":true}'::jsonb,
        'email',
        '00000000-0000-0000-0000-000000000013',
        NOW() - INTERVAL '110 days',
        NOW() - INTERVAL '110 days',
        NOW() - INTERVAL '110 days'
    ),
    (
        gen_random_uuid (),
        '00000000-0000-0000-0000-000000000014',
        '{"sub":"00000000-0000-0000-0000-000000000014","email":"chris@test.com","email_verified":true}'::jsonb,
        'email',
        '00000000-0000-0000-0000-000000000014',
        NOW() - INTERVAL '105 days',
        NOW() - INTERVAL '105 days',
        NOW() - INTERVAL '105 days'
    ),
    (
        gen_random_uuid (),
        '00000000-0000-0000-0000-000000000015',
        '{"sub":"00000000-0000-0000-0000-000000000015","email":"sophie@test.com","email_verified":true}'::jsonb,
        'email',
        '00000000-0000-0000-0000-000000000015',
        NOW() - INTERVAL '100 days',
        NOW() - INTERVAL '100 days',
        NOW() - INTERVAL '100 days'
    ),
    (
        gen_random_uuid (),
        '00000000-0000-0000-0000-000000000016',
        '{"sub":"00000000-0000-0000-0000-000000000016","email":"daniel@test.com","email_verified":true}'::jsonb,
        'email',
        '00000000-0000-0000-0000-000000000016',
        NOW() - INTERVAL '95 days',
        NOW() - INTERVAL '95 days',
        NOW() - INTERVAL '95 days'
    ),
    (
        gen_random_uuid (),
        '00000000-0000-0000-0000-000000000017',
        '{"sub":"00000000-0000-0000-0000-000000000017","email":"natalie@test.com","email_verified":true}'::jsonb,
        'email',
        '00000000-0000-0000-0000-000000000017',
        NOW() - INTERVAL '90 days',
        NOW() - INTERVAL '90 days',
        NOW() - INTERVAL '90 days'
    ),
    (
        gen_random_uuid (),
        '00000000-0000-0000-0000-000000000018',
        '{"sub":"00000000-0000-0000-0000-000000000018","email":"paul@test.com","email_verified":true}'::jsonb,
        'email',
        '00000000-0000-0000-0000-000000000018',
        NOW() - INTERVAL '85 days',
        NOW() - INTERVAL '85 days',
        NOW() - INTERVAL '85 days'
    ),
    (
        gen_random_uuid (),
        '00000000-0000-0000-0000-000000000019',
        '{"sub":"00000000-0000-0000-0000-000000000019","email":"ashley@test.com","email_verified":true}'::jsonb,
        'email',
        '00000000-0000-0000-0000-000000000019',
        NOW() - INTERVAL '80 days',
        NOW() - INTERVAL '80 days',
        NOW() - INTERVAL '80 days'
    ),
    (
        gen_random_uuid (),
        '00000000-0000-0000-0000-000000000020',
        '{"sub":"00000000-0000-0000-0000-000000000020","email":"kevin@test.com","email_verified":true}'::jsonb,
        'email',
        '00000000-0000-0000-0000-000000000020',
        NOW() - INTERVAL '75 days',
        NOW() - INTERVAL '75 days',
        NOW() - INTERVAL '75 days'
    ),
    (
        gen_random_uuid (),
        '00000000-0000-0000-0000-000000000021',
        '{"sub":"00000000-0000-0000-0000-000000000021","email":"bruce@test.com","email_verified":true}'::jsonb,
        'email',
        '00000000-0000-0000-0000-000000000021',
        NOW() - INTERVAL '70 days',
        NOW() - INTERVAL '70 days',
        NOW() - INTERVAL '70 days'
    ),
    (
        gen_random_uuid (),
        '00000000-0000-0000-0000-000000000022',
        '{"sub":"00000000-0000-0000-0000-000000000022","email":"linda@test.com","email_verified":true}'::jsonb,
        'email',
        '00000000-0000-0000-0000-000000000022',
        NOW() - INTERVAL '68 days',
        NOW() - INTERVAL '68 days',
        NOW() - INTERVAL '68 days'
    ),
    (
        gen_random_uuid (),
        '00000000-0000-0000-0000-000000000023',
        '{"sub":"00000000-0000-0000-0000-000000000023","email":"marta@test.com","email_verified":true}'::jsonb,
        'email',
        '00000000-0000-0000-0000-000000000023',
        NOW() - INTERVAL '66 days',
        NOW() - INTERVAL '66 days',
        NOW() - INTERVAL '66 days'
    ),
    (
        gen_random_uuid (),
        '00000000-0000-0000-0000-000000000024',
        '{"sub":"00000000-0000-0000-0000-000000000024","email":"joe@test.com","email_verified":true}'::jsonb,
        'email',
        '00000000-0000-0000-0000-000000000024',
        NOW() - INTERVAL '64 days',
        NOW() - INTERVAL '64 days',
        NOW() - INTERVAL '64 days'
    );

-- 4. PUBLIC PROFILES
INSERT INTO
    public.profiles (id, email, ROLE, full_name, is_verified)
VALUES
    ('00000000-0000-0000-0000-000000000001', 'admin@test.com', 'admin', 'Steve Admin', TRUE),
    ('00000000-0000-0000-0000-000000000002', 'host@test.com', 'host', 'John Host', TRUE),
    ('00000000-0000-0000-0000-000000000003', 'cleaner@test.com', 'cleaner', 'Mark Cleaner', TRUE),
    ('00000000-0000-0000-0000-000000000004', 'sarah@test.com', 'host', 'Sarah Smith', TRUE),
    ('00000000-0000-0000-0000-000000000005', 'emily@test.com', 'cleaner', 'Emily Johnson', TRUE),
    ('00000000-0000-0000-0000-000000000006', 'david@test.com', 'host', 'David Brown', TRUE),
    ('00000000-0000-0000-0000-000000000007', 'lisa@test.com', 'cleaner', 'Lisa Williams', TRUE),
    ('00000000-0000-0000-0000-000000000008', 'james@test.com', 'host', 'James Wilson', TRUE),
    ('00000000-0000-0000-0000-000000000009', 'jessica@test.com', 'cleaner', 'Jessica Taylor', TRUE),
    ('00000000-0000-0000-0000-000000000010', 'michael@test.com', 'host', 'Michael Davis', TRUE),
    ('00000000-0000-0000-0000-000000000011', 'amanda@test.com', 'cleaner', 'Amanda Martinez', TRUE),
    ('00000000-0000-0000-0000-000000000012', 'robert@test.com', 'host', 'Robert Anderson', TRUE),
    ('00000000-0000-0000-0000-000000000013', 'rachel@test.com', 'cleaner', 'Rachel White', TRUE),
    ('00000000-0000-0000-0000-000000000014', 'chris@test.com', 'host', 'Chris Thompson', TRUE),
    ('00000000-0000-0000-0000-000000000015', 'sophie@test.com', 'cleaner', 'Sophie Garcia', TRUE),
    ('00000000-0000-0000-0000-000000000016', 'daniel@test.com', 'host', 'Daniel Lee', TRUE),
    ('00000000-0000-0000-0000-000000000017', 'natalie@test.com', 'cleaner', 'Natalie Clark', TRUE),
    ('00000000-0000-0000-0000-000000000018', 'paul@test.com', 'host', 'Paul Harris', TRUE),
    ('00000000-0000-0000-0000-000000000019', 'ashley@test.com', 'cleaner', 'Ashley Robinson', TRUE),
    ('00000000-0000-0000-0000-000000000020', 'kevin@test.com', 'host', 'Kevin Lewis', TRUE),
    ('00000000-0000-0000-0000-000000000021', 'bruce@test.com', 'admin', 'Bruce Green', TRUE),
    ('00000000-0000-0000-0000-000000000022', 'linda@test.com', 'admin', 'Linda Smith', TRUE),
    ('00000000-0000-0000-0000-000000000023', 'marta@test.com', 'admin', 'Marta Hansen', TRUE),
    ('00000000-0000-0000-0000-000000000024', 'joe@test.com', 'admin', 'Joe Stu', TRUE);

SET
    session_replication_role = 'origin';

-- 5. STANDARD TASKS
INSERT INTO
    public.standard_tasks (description)
VALUES
    ('Vacuum all carpets'),
    ('Mop hard floors'),
    ('Clean bathroom surfaces'),
    ('Change bed linens'),
    ('Dust all surfaces'),
    ('Clean kitchen appliances'),
    ('Wipe down countertops'),
    ('Clean mirrors and glass'),
    ('Empty trash bins'),
    ('Replace towels'),
    ('Clean toilet and sanitize'),
    ('Wash dishes or load dishwasher'),
    ('Sweep and mop entrance'),
    ('Clean window sills'),
    ('Launder and fold clothes');

-- 6. PROPERTIES
INSERT INTO
    public.properties (
        id,
        host_id,
        address_line_1,
        town_city,
        postcode,
        TYPE,
        bedrooms,
        bathrooms,
        main_image_url,
        extra_images_urls
    )
VALUES
    (
        '11111111-1111-1111-1111-111111111111',
        '00000000-0000-0000-0000-000000000002',
        'Flat 4, City Center',
        'Southampton',
        'SO15 1XY',
        'apartment',
        1,
        1,
        '00000000-0000-0000-0000-000000000002/property-1-img-1.jpg',
        ARRAY[
            '00000000-0000-0000-0000-000000000002/property-1-img-2.jpg',
            '00000000-0000-0000-0000-000000000002/property-1-img-3.jpg',
            '00000000-0000-0000-0000-000000000002/property-1-img-4.jpg',
            '00000000-0000-0000-0000-000000000002/property-1-img-5.jpg'
        ]
    ),
    (
        '22222222-2222-2222-2222-222222222222',
        '00000000-0000-0000-0000-000000000002',
        '123 Ocean View',
        'Southampton',
        'SE14 6RF',
        'house',
        2,
        2,
        '00000000-0000-0000-0000-000000000002/property-2-img-1.jpg',
        ARRAY[
            '00000000-0000-0000-0000-000000000002/property-2-img-2.jpg',
            '00000000-0000-0000-0000-000000000002/property-2-img-3.jpg',
            '00000000-0000-0000-0000-000000000002/property-2-img-4.jpg',
            '00000000-0000-0000-0000-000000000002/property-2-img-5.jpg'
        ]
    ),
    (
        '33333333-3333-3333-3333-333333333333',
        '00000000-0000-0000-0000-000000000004',
        '45 Riverside Drive',
        'Portsmouth',
        'PO5 2AB',
        'apartment',
        2,
        1,
        '00000000-0000-0000-0000-000000000004/property-3-img-1.jpg',
        ARRAY[
            '00000000-0000-0000-0000-000000000004/property-3-img-2.jpg',
            '00000000-0000-0000-0000-000000000004/property-3-img-3.jpg',
            '00000000-0000-0000-0000-000000000004/property-3-img-4.jpg'
        ]
    ),
    (
        '44444444-4444-4444-4444-444444444444',
        '00000000-0000-0000-0000-000000000004',
        '78 Garden Lane',
        'Portsmouth',
        'PO6 7CD',
        'house',
        3,
        2,
        '00000000-0000-0000-0000-000000000004/property-4-img-1.jpg',
        ARRAY[
            '00000000-0000-0000-0000-000000000004/property-4-img-2.jpg',
            '00000000-0000-0000-0000-000000000004/property-4-img-3.jpg'
        ]
    ),
    (
        '55555555-5555-5555-5555-555555555555',
        '00000000-0000-0000-0000-000000000006',
        'Flat 2B, High Street',
        'Bournemouth',
        'BH8 1EF',
        'apartment',
        1,
        1,
        '00000000-0000-0000-0000-000000000006/property-5-img-1.jpg',
        ARRAY[
            '00000000-0000-0000-0000-000000000006/property-5-img-2.jpg',
            '00000000-0000-0000-0000-000000000006/property-5-img-3.jpg',
            '00000000-0000-0000-0000-000000000006/property-5-img-4.jpg'
        ]
    ),
    (
        '66666666-6666-6666-6666-666666666666',
        '00000000-0000-0000-0000-000000000006',
        '15 Seaside Cottage',
        'Bournemouth',
        'BH11 9GH',
        'house',
        2,
        1,
        '00000000-0000-0000-0000-000000000006/property-6-img-1.jpg',
        ARRAY[
            '00000000-0000-0000-0000-000000000006/property-6-img-2.jpg',
            '00000000-0000-0000-0000-000000000006/property-6-img-3.jpg'
        ]
    ),
    (
        '77777777-7777-7777-7777-777777777777',
        '00000000-0000-0000-0000-000000000008',
        'Unit 5, Marina View',
        'Portsmouth',
        'PO1 2KL',
        'apartment',
        2,
        2,
        '00000000-0000-0000-0000-000000000008/property-7-img-1.jpg',
        ARRAY[
            '00000000-0000-0000-0000-000000000008/property-7-img-2.jpg',
            '00000000-0000-0000-0000-000000000008/property-7-img-3.jpg',
            '00000000-0000-0000-0000-000000000008/property-7-img-4.jpg'
        ]
    ),
    (
        '88888888-8888-8888-8888-888888888888',
        '00000000-0000-0000-0000-000000000008',
        '22 Hillside Terrace',
        'Portsmouth',
        'PO2 5MN',
        'house',
        4,
        3,
        '00000000-0000-0000-0000-000000000008/property-8-img-1.jpg',
        ARRAY[
            '00000000-0000-0000-0000-000000000008/property-8-img-2.jpg',
            '00000000-0000-0000-0000-000000000008/property-8-img-3.jpg'
        ]
    ),
    (
        '99999999-9999-9999-9999-999999999999',
        '00000000-0000-0000-0000-000000000010',
        'Top Floor Flat, Central',
        'Southampton',
        'SO14 3PQ',
        'apartment',
        1,
        1,
        '00000000-0000-0000-0000-000000000010/property-9-img-1.jpg',
        ARRAY[
            '00000000-0000-0000-0000-000000000010/property-9-img-2.jpg',
            '00000000-0000-0000-0000-000000000010/property-9-img-3.jpg'
        ]
    ),
    (
        'aaaaaaaa-aaaa-aaaa-aaaa-aaaaaaaaaaaa',
        '00000000-0000-0000-0000-000000000010',
        '5 Beach Road',
        'Southampton',
        'SO19 7RS',
        'house',
        3,
        2,
        '00000000-0000-0000-0000-000000000010/property-10-img-1.jpg',
        ARRAY[
            '00000000-0000-0000-0000-000000000010/property-10-img-2.jpg',
            '00000000-0000-0000-0000-000000000010/property-10-img-3.jpg',
            '00000000-0000-0000-0000-000000000010/property-10-img-4.jpg'
        ]
    ),
    (
        'bbbbbbbb-bbbb-bbbb-bbbb-bbbbbbbbbbbb',
        '00000000-0000-0000-0000-000000000012',
        'Flat 7, Harbour Court',
        'Portsmouth',
        'PO5 8TU',
        'apartment',
        2,
        1,
        '00000000-0000-0000-0000-000000000012/property-11-img-1.jpg',
        ARRAY[
            '00000000-0000-0000-0000-000000000012/property-11-img-2.jpg',
            '00000000-0000-0000-0000-000000000012/property-11-img-3.jpg'
        ]
    ),
    (
        'cccccccc-cccc-cccc-cccc-cccccccccccc',
        '00000000-0000-0000-0000-000000000012',
        '34 Pine Avenue',
        'Portsmouth',
        'PO3 6VW',
        'house',
        2,
        2,
        '00000000-0000-0000-0000-000000000012/property-12-img-1.jpg',
        ARRAY[
            '00000000-0000-0000-0000-000000000012/property-12-img-2.jpg',
            '00000000-0000-0000-0000-000000000012/property-12-img-3.jpg',
            '00000000-0000-0000-0000-000000000012/property-12-img-4.jpg'
        ]
    ),
    (
        'dddddddd-dddd-dddd-dddd-dddddddddddd',
        '00000000-0000-0000-0000-000000000014',
        'Flat 1, West End',
        'Bournemouth',
        'BH4 9XY',
        'apartment',
        1,
        1,
        '00000000-0000-0000-0000-000000000014/property-13-img-1.jpg',
        ARRAY['00000000-0000-0000-0000-000000000014/property-13-img-2.jpg']
    ),
    (
        'eeeeeeee-eeee-eeee-eeee-eeeeeeeeeeee',
        '00000000-0000-0000-0000-000000000014',
        '67 Summit Road',
        'Bournemouth',
        'BH8 0AB',
        'house',
        4,
        3,
        '00000000-0000-0000-0000-000000000014/property-14-img-1.jpg',
        ARRAY[
            '00000000-0000-0000-0000-000000000014/property-14-img-2.jpg',
            '00000000-0000-0000-0000-000000000014/property-14-img-3.jpg'
        ]
    ),
    (
        'ffffffff-ffff-ffff-ffff-ffffffffffff',
        '00000000-0000-0000-0000-000000000016',
        'Studio 12, City Center',
        'Southampton',
        'SO15 2CD',
        'apartment',
        0,
        1,
        '00000000-0000-0000-0000-000000000016/property-15-img-1.jpg',
        ARRAY['00000000-0000-0000-0000-000000000016/property-15-img-2.jpg']
    ),
    (
        '11111111-1111-1111-1111-111111111112',
        '00000000-0000-0000-0000-000000000016',
        '28 Oak Street',
        'Southampton',
        'SO16 7EF',
        'house',
        3,
        2,
        '00000000-0000-0000-0000-000000000016/property-16-img-1.jpg',
        ARRAY[
            '00000000-0000-0000-0000-000000000016/property-16-img-2.jpg',
            '00000000-0000-0000-0000-000000000016/property-16-img-3.jpg'
        ]
    ),
    (
        '11111111-1111-1111-1111-111111111113',
        '00000000-0000-0000-0000-000000000018',
        'Flat 3, Pine Valley',
        'Portsmouth',
        'PO7 8GH',
        'apartment',
        2,
        1,
        '00000000-0000-0000-0000-000000000018/property-17-img-1.jpg',
        ARRAY[
            '00000000-0000-0000-0000-000000000018/property-17-img-2.jpg',
            '00000000-0000-0000-0000-000000000018/property-17-img-3.jpg'
        ]
    ),
    (
        '11111111-1111-1111-1111-111111111114',
        '00000000-0000-0000-0000-000000000018',
        '9 Coastal Way',
        'Portsmouth',
        'PO12 3JK',
        'house',
        2,
        2,
        '00000000-0000-0000-0000-000000000018/property-18-img-1.jpg',
        ARRAY[
            '00000000-0000-0000-0000-000000000018/property-18-img-2.jpg',
            '00000000-0000-0000-0000-000000000018/property-18-img-3.jpg',
            '00000000-0000-0000-0000-000000000018/property-18-img-4.jpg'
        ]
    ),
    (
        '11111111-1111-1111-1111-111111111115',
        '00000000-0000-0000-0000-000000000020',
        'Flat 9, Seaview Tower',
        'Bournemouth',
        'BH2 5LM',
        'apartment',
        1,
        1,
        '00000000-0000-0000-0000-000000000020/property-19-img-1.jpg',
        ARRAY[
            '00000000-0000-0000-0000-000000000020/property-19-img-2.jpg',
            '00000000-0000-0000-0000-000000000020/property-19-img-3.jpg'
        ]
    ),
    (
        '11111111-1111-1111-1111-111111111116',
        '00000000-0000-0000-0000-000000000020',
        '42 Meadow Drive',
        'Bournemouth',
        'BH9 1NP',
        'house',
        3,
        2,
        '00000000-0000-0000-0000-000000000020/property-20-img-1.jpg',
        ARRAY[
            '00000000-0000-0000-0000-000000000020/property-20-img-2.jpg',
            '00000000-0000-0000-0000-000000000020/property-20-img-3.jpg',
            '00000000-0000-0000-0000-000000000020/property-20-img-4.jpg'
        ]
    );

INSERT INTO
    public.cleanings (
        id,
        host_id,
        property_id,
        cleaner_id,
        status,
        scheduled_start,
        service_cost,
        instructions,
        clock_in_time,
        clock_out_time
    )
VALUES
    -- Historical completed cleanings (oldest first - 170 days ago to 90 days ago)
    (
        'c0000000-0000-0000-0000-000000000001',
        '00000000-0000-0000-0000-000000000002',
        '11111111-1111-1111-1111-111111111111',
        '00000000-0000-0000-0000-000000000003',
        'completed',
        NOW() - INTERVAL '170 days',
        45.00,
        'Standard clean before move-in.',
        NOW() - INTERVAL '170 days' + INTERVAL '10 hours',
        NOW() - INTERVAL '170 days' + INTERVAL '12 hours'
    ),
    (
        'c0000000-0000-0000-0000-000000000002',
        '00000000-0000-0000-0000-000000000004',
        '33333333-3333-3333-3333-333333333333',
        '00000000-0000-0000-0000-000000000005',
        'completed',
        NOW() - INTERVAL '165 days',
        40.00,
        'Please focus on kitchen.',
        NOW() - INTERVAL '165 days' + INTERVAL '9 hours',
        NOW() - INTERVAL '165 days' + INTERVAL '11 hours'
    ),
    (
        'c0000000-0000-0000-0000-000000000003',
        '00000000-0000-0000-0000-000000000002',
        '22222222-2222-2222-2222-222222222222',
        '00000000-0000-0000-0000-000000000003',
        'completed',
        NOW() - INTERVAL '160 days',
        60.00,
        'Check-out clean needed.',
        NOW() - INTERVAL '160 days' + INTERVAL '8 hours',
        NOW() - INTERVAL '160 days' + INTERVAL '11 hours'
    ),
    (
        'c0000000-0000-0000-0000-000000000004',
        '00000000-0000-0000-0000-000000000006',
        '55555555-5555-5555-5555-555555555555',
        '00000000-0000-0000-0000-000000000007',
        'completed',
        NOW() - INTERVAL '155 days',
        35.00,
        'Quick turn-around clean.',
        NOW() - INTERVAL '155 days' + INTERVAL '14 hours',
        NOW() - INTERVAL '155 days' + INTERVAL '16 hours'
    ),
    (
        'c0000000-0000-0000-0000-000000000005',
        '00000000-0000-0000-0000-000000000004',
        '44444444-4444-4444-4444-444444444444',
        '00000000-0000-0000-0000-000000000009',
        'completed',
        NOW() - INTERVAL '150 days',
        55.00,
        'Deep clean required before event.',
        NOW() - INTERVAL '150 days' + INTERVAL '9 hours',
        NOW() - INTERVAL '150 days' + INTERVAL '13 hours'
    ),
    (
        'c0000000-0000-0000-0000-000000000006',
        '00000000-0000-0000-0000-000000000008',
        '77777777-7777-7777-7777-777777777777',
        '00000000-0000-0000-0000-000000000005',
        'completed',
        NOW() - INTERVAL '145 days',
        50.00,
        'Regular weekly clean.',
        NOW() - INTERVAL '145 days' + INTERVAL '10 hours',
        NOW() - INTERVAL '145 days' + INTERVAL '12 hours'
    ),
    (
        'c0000000-0000-0000-0000-000000000007',
        '00000000-0000-0000-0000-000000000010',
        '99999999-9999-9999-9999-999999999999',
        '00000000-0000-0000-0000-000000000011',
        'completed',
        NOW() - INTERVAL '140 days',
        40.00,
        'Studio apartment, quick clean.',
        NOW() - INTERVAL '140 days' + INTERVAL '11 hours',
        NOW() - INTERVAL '140 days' + INTERVAL '13 hours'
    ),
    (
        'c0000000-0000-0000-0000-000000000008',
        '00000000-0000-0000-0000-000000000012',
        'bbbbbbbb-bbbb-bbbb-bbbb-bbbbbbbbbbbb',
        '00000000-0000-0000-0000-000000000007',
        'completed',
        NOW() - INTERVAL '135 days',
        45.00,
        'Balcony needs attention too.',
        NOW() - INTERVAL '135 days' + INTERVAL '9 hours',
        NOW() - INTERVAL '135 days' + INTERVAL '12 hours'
    ),
    (
        'c0000000-0000-0000-0000-000000000009',
        '00000000-0000-0000-0000-000000000014',
        'dddddddd-dddd-dddd-dddd-dddddddddddd',
        '00000000-0000-0000-0000-000000000013',
        'completed',
        NOW() - INTERVAL '130 days',
        35.00,
        'Small flat, regular clean.',
        NOW() - INTERVAL '130 days' + INTERVAL '10 hours',
        NOW() - INTERVAL '130 days' + INTERVAL '12 hours'
    ),
    (
        'c0000000-0000-0000-0000-000000000010',
        '00000000-0000-0000-0000-000000000016',
        'ffffffff-ffff-ffff-ffff-ffffffffffff',
        '00000000-0000-0000-0000-000000000015',
        'completed',
        NOW() - INTERVAL '125 days',
        30.00,
        'Studio clean.',
        NOW() - INTERVAL '125 days' + INTERVAL '14 hours',
        NOW() - INTERVAL '125 days' + INTERVAL '16 hours'
    ),
    (
        'c0000000-0000-0000-0000-000000000011',
        '00000000-0000-0000-0000-000000000018',
        '11111111-1111-1111-1111-111111111113',
        '00000000-0000-0000-0000-000000000019',
        'completed',
        NOW() - INTERVAL '120 days',
        45.00,
        'Pre-tenancy clean.',
        NOW() - INTERVAL '120 days' + INTERVAL '9 hours',
        NOW() - INTERVAL '120 days' + INTERVAL '12 hours'
    ),
    (
        'c0000000-0000-0000-0000-000000000012',
        '00000000-0000-0000-0000-000000000020',
        '11111111-1111-1111-1111-111111111115',
        '00000000-0000-0000-0000-000000000011',
        'completed',
        NOW() - INTERVAL '115 days',
        40.00,
        'Sea view apartment.',
        NOW() - INTERVAL '115 days' + INTERVAL '10 hours',
        NOW() - INTERVAL '115 days' + INTERVAL '12 hours'
    ),
    -- More recent: 110-90 days ago
    (
        'c0000000-0000-0000-0000-000000000013',
        '00000000-0000-0000-0000-000000000002',
        '11111111-1111-1111-1111-111111111111',
        '00000000-0000-0000-0000-000000000003',
        'completed',
        NOW() - INTERVAL '110 days',
        45.00,
        'Monthly deep clean.',
        NOW() - INTERVAL '110 days' + INTERVAL '9 hours',
        NOW() - INTERVAL '110 days' + INTERVAL '13 hours'
    ),
    (
        'c0000000-0000-0000-0000-000000000014',
        '00000000-0000-0000-0000-000000000004',
        '33333333-3333-3333-3333-333333333333',
        '00000000-0000-0000-0000-000000000005',
        'completed',
        NOW() - INTERVAL '105 days',
        40.00,
        'Post-guest clean.',
        NOW() - INTERVAL '105 days' + INTERVAL '11 hours',
        NOW() - INTERVAL '105 days' + INTERVAL '14 hours'
    ),
    (
        'c0000000-0000-0000-0000-000000000015',
        '00000000-0000-0000-0000-000000000006',
        '66666666-6666-6666-6666-666666666666',
        '00000000-0000-0000-0000-000000000007',
        'completed',
        NOW() - INTERVAL '100 days',
        35.00,
        'Seaside cottage refresh.',
        NOW() - INTERVAL '100 days' + INTERVAL '10 hours',
        NOW() - INTERVAL '100 days' + INTERVAL '12 hours'
    ),
    (
        'c0000000-0000-0000-0000-000000000016',
        '00000000-0000-0000-0000-000000000008',
        '88888888-8888-8888-8888-888888888888',
        '00000000-0000-0000-0000-000000000009',
        'completed',
        NOW() - INTERVAL '95 days',
        70.00,
        'Large house deep clean.',
        NOW() - INTERVAL '95 days' + INTERVAL '8 hours',
        NOW() - INTERVAL '95 days' + INTERVAL '14 hours'
    ),
    -- Recent past: 89-30 days ago (in_progress/completed)
    (
        'c0000000-0000-0000-0000-000000000017',
        '00000000-0000-0000-0000-000000000010',
        'aaaaaaaa-aaaa-aaaa-aaaa-aaaaaaaaaaaa',
        '00000000-0000-0000-0000-000000000011',
        'completed',
        NOW() - INTERVAL '75 days',
        55.00,
        'Beach house clean before guests.',
        NOW() - INTERVAL '75 days' + INTERVAL '9 hours',
        NOW() - INTERVAL '75 days' + INTERVAL '12 hours'
    ),
    (
        'c0000000-0000-0000-0000-000000000018',
        '00000000-0000-0000-0000-000000000012',
        'cccccccc-cccc-cccc-cccc-cccccccccccc',
        '00000000-0000-0000-0000-000000000013',
        'completed',
        NOW() - INTERVAL '60 days',
        50.00,
        'Weekly clean.',
        NOW() - INTERVAL '60 days' + INTERVAL '10 hours',
        NOW() - INTERVAL '60 days' + INTERVAL '13 hours'
    ),
    (
        'c0000000-0000-0000-0000-000000000019',
        '00000000-0000-0000-0000-000000000014',
        'eeeeeeee-eeee-eeee-eeee-eeeeeeeeeeee',
        '00000000-0000-0000-0000-000000000015',
        'completed',
        NOW() - INTERVAL '50 days',
        75.00,
        'Month-end deep clean.',
        NOW() - INTERVAL '50 days' + INTERVAL '8 hours',
        NOW() - INTERVAL '50 days' + INTERVAL '13 hours'
    ),
    (
        'c0000000-0000-0000-0000-000000000020',
        '00000000-0000-0000-0000-000000000016',
        '11111111-1111-1111-1111-111111111112',
        '00000000-0000-0000-0000-000000000019',
        'completed',
        NOW() - INTERVAL '45 days',
        55.00,
        'Standard weekly service.',
        NOW() - INTERVAL '45 days' + INTERVAL '10 hours',
        NOW() - INTERVAL '45 days' + INTERVAL '13 hours'
    ),
    (
        'c0000000-0000-0000-0000-000000000021',
        '00000000-0000-0000-0000-000000000018',
        '11111111-1111-1111-1111-111111111114',
        '00000000-0000-0000-0000-000000000011',
        'completed',
        NOW() - INTERVAL '38 days',
        50.00,
        'Coastal way regular clean.',
        NOW() - INTERVAL '38 days' + INTERVAL '11 hours',
        NOW() - INTERVAL '38 days' + INTERVAL '14 hours'
    ),
    (
        'c0000000-0000-0000-0000-000000000022',
        '00000000-0000-0000-0000-000000000020',
        '11111111-1111-1111-1111-111111111116',
        '00000000-0000-0000-0000-000000000013',
        'completed',
        NOW() - INTERVAL '30 days',
        60.00,
        'Meadow drive clean.',
        NOW() - INTERVAL '30 days' + INTERVAL '9 hours',
        NOW() - INTERVAL '30 days' + INTERVAL '12 hours'
    ),
    -- Recent completed (last 30 days)
    (
        'c0000000-0000-0000-0000-000000000023',
        '00000000-0000-0000-0000-000000000002',
        '22222222-2222-2222-2222-222222222222',
        '00000000-0000-0000-0000-000000000003',
        'completed',
        NOW() - INTERVAL '20 days',
        60.00,
        'Check-out clean for new tenant.',
        NOW() - INTERVAL '20 days' + INTERVAL '9 hours',
        NOW() - INTERVAL '20 days' + INTERVAL '12 hours'
    ),
    (
        'c0000000-0000-0000-0000-000000000024',
        '00000000-0000-0000-0000-000000000004',
        '44444444-4444-4444-4444-444444444444',
        '00000000-0000-0000-0000-000000000005',
        'completed',
        NOW() - INTERVAL '15 days',
        55.00,
        'Monthly service clean.',
        NOW() - INTERVAL '15 days' + INTERVAL '10 hours',
        NOW() - INTERVAL '15 days' + INTERVAL '13 hours'
    ),
    (
        'c0000000-0000-0000-0000-000000000025',
        '00000000-0000-0000-0000-000000000006',
        '55555555-5555-5555-5555-555555555555',
        '00000000-0000-0000-0000-000000000007',
        'completed',
        NOW() - INTERVAL '10 days',
        35.00,
        'Regular fortnightly clean.',
        NOW() - INTERVAL '10 days' + INTERVAL '14 hours',
        NOW() - INTERVAL '10 days' + INTERVAL '16 hours'
    ),
    -- In progress (currently active)
    (
        'c0000000-0000-0000-0000-000000000026',
        '00000000-0000-0000-0000-000000000008',
        '77777777-7777-7777-7777-777777777777',
        '00000000-0000-0000-0000-000000000009',
        'in_progress',
        NOW() - INTERVAL '2 days',
        50.00,
        'Marina view weekly clean.',
        NOW() - INTERVAL '2 days' + INTERVAL '9 hours',
        NULL
    ),
    (
        'c0000000-0000-0000-0000-000000000027',
        '00000000-0000-0000-0000-000000000010',
        '99999999-9999-9999-9999-999999999999',
        '00000000-0000-0000-0000-000000000011',
        'in_progress',
        NOW() - INTERVAL '1 day',
        40.00,
        'Central flat in progress.',
        NOW() - INTERVAL '1 day' + INTERVAL '10 hours',
        NULL
    ),
    -- Confirmed (accepted, scheduled for future)
    (
        'c0000000-0000-0000-0000-000000000028',
        '00000000-0000-0000-0000-000000000012',
        'bbbbbbbb-bbbb-bbbb-bbbb-bbbbbbbbbbbb',
        '00000000-0000-0000-0000-000000000013',
        'confirmed',
        NOW() + INTERVAL '1 day',
        45.00,
        'Tomorrow confirmed.',
        NULL,
        NULL
    ),
    (
        'c0000000-0000-0000-0000-000000000029',
        '00000000-0000-0000-0000-000000000014',
        'dddddddd-dddd-dddd-dddd-dddddddddddd',
        '00000000-0000-0000-0000-000000000015',
        'confirmed',
        NOW() + INTERVAL '2 days',
        35.00,
        'West end flat future.',
        NULL,
        NULL
    ),
    (
        'c0000000-0000-0000-0000-000000000030',
        '00000000-0000-0000-0000-000000000016',
        'ffffffff-ffff-ffff-ffff-ffffffffffff',
        '00000000-0000-0000-0000-000000000019',
        'confirmed',
        NOW() + INTERVAL '3 days',
        30.00,
        'Studio scheduled.',
        NULL,
        NULL
    ),
    -- Requested (no cleaner assigned yet)
    (
        'c0000000-0000-0000-0000-000000000031',
        '00000000-0000-0000-0000-000000000018',
        '11111111-1111-1111-1111-111111111113',
        NULL,
        'requested',
        NOW() + INTERVAL '4 days',
        45.00,
        'Looking for cleaner.',
        NULL,
        NULL
    ),
    (
        'c0000000-0000-0000-0000-000000000032',
        '00000000-0000-0000-0000-000000000020',
        '11111111-1111-1111-1111-111111111115',
        NULL,
        'requested',
        NOW() + INTERVAL '5 days',
        40.00,
        'Seaview tower needed.',
        NULL,
        NULL
    ),
    (
        'c0000000-0000-0000-0000-000000000033',
        '00000000-0000-0000-0000-000000000002',
        '11111111-1111-1111-1111-111111111111',
        NULL,
        'requested',
        NOW() + INTERVAL '6 days',
        45.00,
        'Key under blue pot.',
        NULL,
        NULL
    ),
    (
        'c0000000-0000-0000-0000-000000000034',
        '00000000-0000-0000-0000-000000000004',
        '33333333-3333-3333-3333-333333333333',
        NULL,
        'requested',
        NOW() + INTERVAL '7 days',
        40.00,
        'Need cleaner assignment.',
        NULL,
        NULL
    ),
    (
        'c0000000-0000-0000-0000-000000000035',
        '00000000-0000-0000-0000-000000000006',
        '66666666-6666-6666-6666-666666666666',
        NULL,
        'requested',
        NOW() + INTERVAL '8 days',
        35.00,
        'Beach cottage next week.',
        NULL,
        NULL
    ),
    (
        'c0000000-0000-0000-0000-000000000036',
        '00000000-0000-0000-0000-000000000008',
        '88888888-8888-8888-8888-888888888888',
        NULL,
        'requested',
        NOW() + INTERVAL '9 days',
        70.00,
        'Large house clean.',
        NULL,
        NULL
    ),
    -- Some cancelled bookings
    (
        'c0000000-0000-0000-0000-000000000037',
        '00000000-0000-0000-0000-000000000010',
        'aaaaaaaa-aaaa-aaaa-aaaa-aaaaaaaaaaaa',
        '00000000-0000-0000-0000-000000000011',
        'cancelled',
        NOW() - INTERVAL '25 days',
        55.00,
        'Was booked but cancelled.',
        NULL,
        NULL
    ),
    (
        'c0000000-0000-0000-0000-000000000038',
        '00000000-0000-0000-0000-000000000012',
        'cccccccc-cccc-cccc-cccc-cccccccccccc',
        '00000000-0000-0000-0000-000000000013',
        'cancelled',
        NOW() - INTERVAL '18 days',
        50.00,
        'Guests cancelled.',
        NULL,
        NULL
    ),
    (
        'c0000000-0000-0000-0000-000000000039',
        '00000000-0000-0000-0000-000000000014',
        'dddddddd-dddd-dddd-dddd-dddddddddddd',
        '00000000-0000-0000-0000-000000000015',
        'cancelled',
        NOW() - INTERVAL '12 days',
        35.00,
        'Booking cancelled by host.',
        NULL,
        NULL
    ),
    -- More confirmed (future dates)
    (
        'c0000000-0000-0000-0000-000000000040',
        '00000000-0000-0000-0000-000000000018',
        '11111111-1111-1111-1111-111111111114',
        '00000000-0000-0000-0000-000000000019',
        'confirmed',
        NOW() + INTERVAL '10 days',
        50.00,
        'Coastal way confirmed.',
        NULL,
        NULL
    ),
    (
        'c0000000-0000-0000-0000-000000000041',
        '00000000-0000-0000-0000-000000000020',
        '11111111-1111-1111-1111-111111111116',
        '00000000-0000-0000-0000-000000000011',
        'confirmed',
        NOW() + INTERVAL '11 days',
        60.00,
        'Meadow drive booked.',
        NULL,
        NULL
    ),
    (
        'c0000000-0000-0000-0000-000000000042',
        '00000000-0000-0000-0000-000000000002',
        '22222222-2222-2222-2222-222222222222',
        '00000000-0000-0000-0000-000000000003',
        'confirmed',
        NOW() + INTERVAL '12 days',
        60.00,
        'Ocean view confirmed.',
        NULL,
        NULL
    ),
    (
        'c0000000-0000-0000-0000-000000000043',
        '00000000-0000-0000-0000-000000000004',
        '44444444-4444-4444-4444-444444444444',
        '00000000-0000-0000-0000-000000000005',
        'confirmed',
        NOW() + INTERVAL '13 days',
        55.00,
        'Garden lane confirmed.',
        NULL,
        NULL
    ),
    (
        'c0000000-0000-0000-0000-000000000044',
        '00000000-0000-0000-0000-000000000006',
        '55555555-5555-5555-5555-555555555555',
        '00000000-0000-0000-0000-000000000007',
        'confirmed',
        NOW() + INTERVAL '14 days',
        35.00,
        'High street scheduled.',
        NULL,
        NULL
    ),
    -- Keep original seed data too
    (
        'aaaaaaaa-aaaa-aaaa-aaaa-aaaaaaaaaaaa',
        '00000000-0000-0000-0000-000000000002',
        '11111111-1111-1111-1111-111111111111',
        NULL,
        'requested',
        NOW() + INTERVAL '2 days',
        45.00,
        'Key is under the blue pot.',
        NULL,
        NULL
    ),
    (
        'bbbbbbbb-bbbb-bbbb-bbbb-bbbbbbbbbbbb',
        '00000000-0000-0000-0000-000000000002',
        '22222222-2222-2222-2222-222222222222',
        '00000000-0000-0000-0000-000000000003',
        'confirmed',
        NOW() + INTERVAL '1 day',
        30.00,
        'Please focus on the balcony.',
        NULL,
        NULL
    ),
    (
        'cccccccc-cccc-cccc-cccc-cccccccccccc',
        '00000000-0000-0000-0000-000000000002',
        '11111111-1111-1111-1111-111111111111',
        '00000000-0000-0000-0000-000000000003',
        'in_progress',
        NOW() - INTERVAL '1 hour',
        45.00,
        'Standard clean plus oven.',
        NOW() - INTERVAL '45 minutes',
        NULL
    ),
    (
        'dddddddd-dddd-dddd-dddd-dddddddddddd',
        '00000000-0000-0000-0000-000000000002',
        '22222222-2222-2222-2222-222222222222',
        '00000000-0000-0000-0000-000000000003',
        'completed',
        NOW() - INTERVAL '1 day',
        60.00,
        'Check-out clean.',
        NOW() - INTERVAL '26 hours',
        NOW() - INTERVAL '23 hours'
    );

-- 8. CLEANING TASKS
INSERT INTO
    public.cleaning_tasks (cleaning_id, description, is_custom, is_completed)
SELECT
    c.id,
    t.description,
    FALSE,
    (c.status = 'completed')
FROM
    public.cleanings c,
    public.standard_tasks t;

INSERT INTO
    public.cleaning_tasks (cleaning_id, description, is_custom, is_completed)
VALUES
    ('c0000000-0000-0000-0000-000000000001', 'Focus on kitchen appliances and behind fridge', TRUE, TRUE),
    ('c0000000-0000-0000-0000-000000000003', 'Scrub balcony tiles', TRUE, TRUE),
    ('c0000000-0000-0000-0000-000000000005', 'Clean inside wardrobe', TRUE, TRUE),
    ('c0000000-0000-0000-0000-000000000007', 'Polish wooden furniture', TRUE, TRUE),
    ('c0000000-0000-0000-0000-000000000009', 'Wash curtains', TRUE, TRUE),
    ('c0000000-0000-0000-0000-000000000010', 'Clean extractor fan', TRUE, TRUE),
    ('c0000000-0000-0000-0000-000000000012', 'Descale kettle and coffee maker', TRUE, TRUE),
    ('c0000000-0000-0000-0000-000000000014', 'Clean under sofa cushions', TRUE, TRUE),
    ('c0000000-0000-0000-0000-000000000016', 'Clean light fixtures', TRUE, TRUE),
    ('c0000000-0000-0000-0000-000000000018', 'Organise pantry shelves', TRUE, TRUE),
    ('c0000000-0000-0000-0000-000000000019', 'Steam clean mattress', TRUE, TRUE),
    ('c0000000-0000-0000-0000-000000000020', 'Clean heating vents', TRUE, TRUE),
    ('c0000000-0000-0000-0000-000000000021', 'Wash throw pillows', TRUE, TRUE),
    ('c0000000-0000-0000-0000-000000000022', 'Clean garbage bin', TRUE, TRUE),
    ('c0000000-0000-0000-0000-000000000023', 'Clean door handles and light switches', TRUE, TRUE),
    ('c0000000-0000-0000-0000-000000000024', 'Polish silverware', TRUE, TRUE),
    ('c0000000-0000-0000-0000-000000000025', 'Clean washing machine seals', TRUE, TRUE),
    ('c0000000-0000-0000-0000-000000000001', 'Vacuum mattress', TRUE, TRUE),
    ('c0000000-0000-0000-0000-000000000002', 'Clean window tracks', TRUE, TRUE),
    ('c0000000-0000-0000-0000-000000000003', 'Defrost freezer', TRUE, TRUE),
    ('c0000000-0000-0000-0000-000000000004', 'Clean air conditioner filters', TRUE, TRUE),
    ('c0000000-0000-0000-0000-000000000005', 'Dust ceiling fans', TRUE, TRUE),
    ('c0000000-0000-0000-0000-000000000006', 'Clean radiators', TRUE, TRUE),
    ('c0000000-0000-0000-0000-000000000007', 'Wash pet bowls', TRUE, TRUE),
    ('c0000000-0000-0000-0000-000000000008', 'Clean smoke detectors', TRUE, TRUE),
    ('c0000000-0000-0000-0000-000000000009', 'Organise utility cupboard', TRUE, TRUE),
    ('c0000000-0000-0000-0000-000000000010', 'Clean bicycle', TRUE, TRUE);

-- 9. EVIDENCE MEDIA (For some completed jobs)
INSERT INTO
    public.evidence_media (
        cleaning_id,
        uploader_id,
        media_url,
        TYPE
    )
VALUES
    (
        'dddddddd-dddd-dddd-dddd-dddddddddddd',
        '00000000-0000-0000-0000-000000000003',
        'dddddddd-dddd-dddd-dddd-dddddddddddd/cleaning-1.jpg',
        'image'
    ),
    (
        'dddddddd-dddd-dddd-dddd-dddddddddddd',
        '00000000-0000-0000-0000-000000000003',
        'dddddddd-dddd-dddd-dddd-dddddddddddd/cleaning-2.jpg',
        'image'
    ),
    (
        'dddddddd-dddd-dddd-dddd-dddddddddddd',
        '00000000-0000-0000-0000-000000000003',
        'dddddddd-dddd-dddd-dddd-dddddddddddd/cleaning-3.jpg',
        'image'
    ),
    (
        'dddddddd-dddd-dddd-dddd-dddddddddddd',
        '00000000-0000-0000-0000-000000000003',
        'dddddddd-dddd-dddd-dddd-dddddddddddd/cleaning-4.jpg',
        'image'
    ),
    (
        'dddddddd-dddd-dddd-dddd-dddddddddddd',
        '00000000-0000-0000-0000-000000000003',
        'dddddddd-dddd-dddd-dddd-dddddddddddd/cleaning-5.jpg',
        'image'
    ),
    -- More evidence for other completed cleanings
    (
        'c0000000-0000-0000-0000-000000000001',
        '00000000-0000-0000-0000-000000000003',
        'c0000000-0000-0000-0000-000000000001/cleaning-1.jpg',
        'image'
    ),
    (
        'c0000000-0000-0000-0000-000000000002',
        '00000000-0000-0000-0000-000000000005',
        'c0000000-0000-0000-0000-000000000002/cleaning-1.jpg',
        'image'
    ),
    (
        'c0000000-0000-0000-0000-000000000003',
        '00000000-0000-0000-0000-000000000003',
        'c0000000-0000-0000-0000-000000000003/cleaning-1.jpg',
        'image'
    ),
    (
        'c0000000-0000-0000-0000-000000000004',
        '00000000-0000-0000-0000-000000000007',
        'c0000000-0000-0000-0000-000000000004/cleaning-1.jpg',
        'image'
    ),
    (
        'c0000000-0000-0000-0000-000000000005',
        '00000000-0000-0000-0000-000000000009',
        'c0000000-0000-0000-0000-000000000005/cleaning-1.jpg',
        'image'
    ),
    (
        'c0000000-0000-0000-0000-000000000006',
        '00000000-0000-0000-0000-000000000005',
        'c0000000-0000-0000-0000-000000000006/cleaning-1.jpg',
        'image'
    ),
    (
        'c0000000-0000-0000-0000-000000000007',
        '00000000-0000-0000-0000-000000000011',
        'c0000000-0000-0000-0000-000000000007/cleaning-1.jpg',
        'image'
    ),
    (
        'c0000000-0000-0000-0000-000000000009',
        '00000000-0000-0000-0000-000000000013',
        'c0000000-0000-0000-0000-000000000009/cleaning-1.jpg',
        'image'
    ),
    (
        'c0000000-0000-0000-0000-000000000010',
        '00000000-0000-0000-0000-000000000015',
        'c0000000-0000-0000-0000-000000000010/cleaning-1.jpg',
        'image'
    ),
    (
        'c0000000-0000-0000-0000-000000000012',
        '00000000-0000-0000-0000-000000000011',
        'c0000000-0000-0000-0000-000000000012/cleaning-1.jpg',
        'image'
    ),
    (
        'c0000000-0000-0000-0000-000000000013',
        '00000000-0000-0000-0000-000000000003',
        'c0000000-0000-0000-0000-000000000013/cleaning-1.jpg',
        'image'
    ),
    (
        'c0000000-0000-0000-0000-000000000015',
        '00000000-0000-0000-0000-000000000007',
        'c0000000-0000-0000-0000-000000000015/cleaning-1.jpg',
        'image'
    ),
    (
        'c0000000-0000-0000-0000-000000000017',
        '00000000-0000-0000-0000-000000000011',
        'c0000000-0000-0000-0000-000000000017/cleaning-1.jpg',
        'image'
    ),
    (
        'c0000000-0000-0000-0000-000000000018',
        '00000000-0000-0000-0000-000000000013',
        'c0000000-0000-0000-0000-000000000018/cleaning-1.jpg',
        'image'
    ),
    (
        'c0000000-0000-0000-0000-000000000019',
        '00000000-0000-0000-0000-000000000015',
        'c0000000-0000-0000-0000-000000000019/cleaning-1.jpg',
        'image'
    ),
    (
        'c0000000-0000-0000-0000-000000000020',
        '00000000-0000-0000-0000-000000000019',
        'c0000000-0000-0000-0000-000000000020/cleaning-1.jpg',
        'image'
    ),
    (
        'c0000000-0000-0000-0000-000000000022',
        '00000000-0000-0000-0000-000000000013',
        'c0000000-0000-0000-0000-000000000022/cleaning-1.jpg',
        'image'
    ),
    (
        'c0000000-0000-0000-0000-000000000023',
        '00000000-0000-0000-0000-000000000003',
        'c0000000-0000-0000-0000-000000000023/cleaning-1.jpg',
        'image'
    ),
    (
        'c0000000-0000-0000-0000-000000000024',
        '00000000-0000-0000-0000-000000000005',
        'c0000000-0000-0000-0000-000000000024/cleaning-1.jpg',
        'image'
    ),
    (
        'c0000000-0000-0000-0000-000000000025',
        '00000000-0000-0000-0000-000000000007',
        'c0000000-0000-0000-0000-000000000025/cleaning-1.jpg',
        'image'
    );

INSERT INTO
    public.cleaning_reports (cleaning_id, cleaner_id, broken_items_report, low_supplies_report)
VALUES
    (
        'dddddddd-dddd-dddd-dddd-dddddddddddd',
        '00000000-0000-0000-0000-000000000003',
        'Small crack found on the master bedroom window pane.',
        'Running low on multi-surface cleaner and bathroom bleach.'
    ),
    (
        'c0000000-0000-0000-0000-000000000003',
        '00000000-0000-0000-0000-000000000003',
        NULL,
        'Bathroom cleaner running low.'
    ),
    (
        'c0000000-0000-0000-0000-000000000005',
        '00000000-0000-0000-0000-000000000009',
        'One curtain tieback is broken.',
        'Need more vacuum bags.'
    ),
    (
        'c0000000-0000-0000-0000-000000000010',
        '00000000-0000-0000-0000-000000000015',
        'Kitchen tap is leaking slightly.',
        NULL
    ),
    (
        'c0000000-0000-0000-0000-000000000016',
        '00000000-0000-0000-0000-000000000009',
        NULL,
        'Running very low on cleaning supplies.'
    ),
    (
        'c0000000-0000-0000-0000-000000000018',
        '00000000-0000-0000-0000-000000000013',
        'Hairline crack in bathroom tile.',
        'Low on bathroom bleach.'
    ),
    (
        'c0000000-0000-0000-0000-000000000023',
        '00000000-0000-0000-0000-000000000003',
        'Bedside lamp not working.',
        NULL
    );